﻿Designator,Footprint,Quantity,Value,LCSC Part #
"D1, D10, D11, D12, D13, D14, D15, D16, D17, D18, D19, D2, D20, D21, D22, D23, D24, D25, D26, D27, D28, D29, D3, D30, D31, D32, D33, D34, D35, D36, D37, D38, D39, D4, D40, D41, D42, D43, D44, D45, D46, D47, D48, D49, D5, D50, D51, D52, D53, D54, D55, D56, D57, D58, D59, D6, D60, D61, D62, D63, D64, D65, D66, D67, D68, D69, D7, D70, D71, D72, D73, D74, D75, D76, D77, D78, D79, D8, D80, D81, D9",Diode_SOD-123,81,Diode,
Dsp1,PinHeader_1x07_P2.54mm_Vertical,1,~,
"R2, R3, R4, R5, R6, R7",R_Axial_DIN0204_L3.6mm_D1.6mm_P7.62mm_Horizontal,6,10K,
S1,STAB_MX_2.25u,1,stab L shift 2.25u,
S2,STAB_MX_6.25u,1,stab space 6.25u,
S3,STAB_MX_2.75u,1,stab R shift 2.75u,
S4,STAB_MX_2.25u,1,stab enter 2.25u,
S5,STAB_MX_2u,1,stab backspace 2u,
"SW1, SW10, SW11, SW12, SW13, SW14, SW15, SW16, SW17, SW18, SW19, SW2, SW20, SW21, SW22, SW23, SW24, SW25, SW26, SW27, SW29, SW3, SW31, SW32, SW33, SW34, SW35, SW36, SW37, SW38, SW39, SW4, SW40, SW41, SW42, SW44, SW46, SW47, SW48, SW49, SW5, SW50, SW51, SW52, SW53, SW54, SW55, SW56, SW59, SW6, SW60, SW61, SW62, SW63, SW64, SW65, SW66, SW67, SW68, SW7, SW70, SW79, SW8, SW80, SW81, SW9",Hotswap_MX_1.00u,66,Switch,
SW28,Hotswap_MX_2.00u,1,Switch,
"SW30, SW43",Hotswap_MX_1.50u,2,Switch,
SW45,Hotswap_MX_1.75u,1,Switch,
"SW57, SW58",Hotswap_MX_2.25u,2,Switch,
SW69,Hotswap_MX_2.75u,1,Switch,
"SW71, SW72, SW73, SW75, SW76, SW77, SW78",Hotswap_MX_1.25u,7,Switch,
SW74,Hotswap_MX_6.25u,1,Switch,
U1,MODULE_ESP32_DEVKIT_V1,1,ESP32-DEVKIT-V1 Matrix Handler,
U2,DIP794W45P254L1969H508Q16,1,SN74HC595NG4 FirstShift,
U3,DIP794W45P254L1969H508Q16,1,SN74HC595NG4 SecondShift,
U4,b103 multichannel fader pot,1,~,
U5,MODULE_ESP32_DEVKIT_V1,1,ESP32-DEVKIT-V1 DisplayHandler,
